{"cameraMode":{"drawMode":0,"name":"Shaded","section":"Shading Mode"},"sceneLighting":false,"audioPlay":false,"sceneViewState":{"showFog":true,"showMaterialUpdate":false,"showSkybox":true,"showFlares":true,"showImageEffects":true,"showParticleSystems":true},"in2DMode":false,"pivot":{"x":5.599999904632568,"y":-1.619999885559082,"z":-5.409999847412109},"rotation":{"x":-0.04445504769682884,"y":-0.9006129503250122,"z":0.42179378867149355,"w":-0.09492172300815582},"size":2.8578836917877199,"orthographic":false}