{"cameraMode":{"drawMode":0,"name":"Shaded","section":"Shading Mode"},"sceneLighting":true,"audioPlay":false,"sceneViewState":{"showFog":true,"showMaterialUpdate":false,"showSkybox":true,"showFlares":true,"showImageEffects":true,"showParticleSystems":true},"in2DMode":false,"pivot":{"x":5.630000114440918,"y":7.3600006103515629,"z":4.439999580383301},"rotation":{"x":-0.050759632140398028,"y":0.9324331879615784,"z":-0.3272159993648529,"w":-0.14464306831359864},"size":14.371519088745118,"orthographic":false}